aminoacid,weight
MALNSGSPPAIGPYYENHGYQPENPYPAQPTVVPTVYEVHPAQYYPSPVPQYAPRVLTQASNPVVCTQPKSPSGTVCTSKTKKALCITLTLGTFLVGAALAAGLLWKFMGSKCSNSGIEC,14960.370000000003
DSSGTCINPSNWC,1599.6499999999999
DGVSHCPGGE,1119.1299999999997
DENRCVRLYGPNFILQVYSSQRKSWHPVCQ,4146.55
D,133.1
DWNENYGRAACR,1670.6999999999998
DMGYKNNFYSSQGIV,1975.1000000000001
D,133.1
DSGSTSFMKLNTSAGNV,2013.08
DIYKKLYHS,1310.4499999999998
DACSSKAVVSLRCIACGVNLNSSRQSRIVGGESALPGAWPWQVSLHVQNVHVCGGSIITPEWIVTAAHCVEKPLNNPWHWTAFAGILRQSFMFYGAGYQVEKVISHPNY,13943.229999999996
DSKTKNN,913.9300000000001
DIALMKLQKPLTFN,1875.17
DLVKPVCLPNPGMMLQPEQLCWISGWGATEEKGKTSEVLNAAKVLLIETQRCNSRYVY,7563.439999999998
DNLITPAMICAGFLQGNV,2201.4500000000003
DSCQG,580.5699999999999
DSGGPLVTSKNNIWWLIG,2263.4600000000005
DTSWGSGCAKAYRPGVYGNVMVFT,2999.2400000000002
DWIYRQMRA,1391.54
DG,208.17
